{"left_elbow_angle": 7.6793060302734375, "right_elbow_angle": 5.2041778564453125, "left_knee_angle": 7.0442047119140625, "right_knee_angle": 15.029342651367188, "left_hip_angle": 5.52899169921875, "right_hip_angle": 3.99908447265625, "left_armpit_angle": 20.97991180419922, "right_armpit_angle": 7.719005584716797, "final_pose_score": 34.2599983215332}