{"similarity": 90.97028884633382, "max_deviation": 111.8499984741211, "max_deviation_frame": 1305, "max_deviation_joint": 0}