{"coach_msi": 1.1100000143051147, "patient_msi": 0.9300000071525574}