{"similarity": 88.85482025146484, "max_deviation": 36.15999984741211, "max_deviation_frame": 2, "max_deviation_joint": 0}