{"left_elbow_angle": 10.595748901367188, "right_elbow_angle": 15.460723876953125, "left_knee_angle": 0.9492034912109375, "right_knee_angle": 0.196807861328125, "left_hip_angle": 0.7100677490234375, "right_hip_angle": 2.4642181396484375, "left_armpit_angle": 9.483501434326172, "right_armpit_angle": 15.579780578613281, "final_pose_score": 47.27000045776367}