{"left_elbow_angle": 23.592483520507812, "right_elbow_angle": 13.217605590820312, "left_knee_angle": 3.415985107421875, "right_knee_angle": 1.4914398193359375, "left_hip_angle": 1.303131103515625, "right_hip_angle": 1.1901397705078125, "left_armpit_angle": 5.005481719970703, "right_armpit_angle": 10.713668823242188, "final_pose_score": 43.15999984741211}