{"similarity": 79.14860858917237, "max_deviation": 111.8499984741211, "max_deviation_frame": 16, "max_deviation_joint": 0}