{"coach_msi": 3.700000047683716, "patient_msi": 1.590000033378601}