{"coach_msi": 12.779999732971191, "patient_msi": 2.009999990463257}