{"left_elbow_angle": 59.94413757324219, "right_elbow_angle": 52.181610107421875, "left_knee_angle": 13.426483154296875, "right_knee_angle": 21.462081909179688, "left_hip_angle": 2.378265380859375, "right_hip_angle": 6.937042236328125, "left_armpit_angle": 42.837703704833984, "right_armpit_angle": 11.745975494384766, "final_pose_score": 62.119998931884766}