{"similarity": 81.76409196853638, "max_deviation": 95.7300033569336, "max_deviation_frame": 15, "max_deviation_joint": 0}