{"coach_msi": 14.34000015258789, "patient_msi": 13.109999656677246}