{"similarity": 79.99099617004394, "max_deviation": 88.11000061035156, "max_deviation_frame": 17, "max_deviation_joint": 0}