{"left_elbow_angle": 24.4561767578125, "right_elbow_angle": 60.19621276855469, "left_knee_angle": 4.7716217041015625, "right_knee_angle": 8.71636962890625, "left_hip_angle": 1.077178955078125, "right_hip_angle": 4.058746337890625, "left_armpit_angle": 9.503179550170898, "right_armpit_angle": 24.42303466796875, "final_pose_score": 36.7599983215332}