{"coach_msi": 15.59000015258789, "patient_msi": 4.829999923706055}